symbol,company_name,sector,market_cap_category,return_1y,pe_ratio,week_52_high,week_52_low,average_volume,risk_level,is_penny,is_fno
TCS,Tata Consultancy Services,IT,large_cap,18.2,28.5,4592,3310,2200000,moderate,false,true
INFY,Infosys,IT,large_cap,12.4,24.8,1976,1350,4100000,moderate,false,true
HDFCBANK,HDFC Bank,Banking,large_cap,9.7,20.1,2030,1360,6200000,moderate,false,true
ICICIBANK,ICICI Bank,Banking,large_cap,21.1,19.4,1490,1010,7800000,moderate,false,true
SUNPHARMA,Sun Pharmaceutical,Pharma,large_cap,16.8,31.2,1960,1340,1800000,moderate,false,true
DIVISLAB,Divi's Laboratories,Pharma,large_cap,14.1,42.5,6500,3200,900000,high,false,true
RELIANCE,Reliance Industries,Energy,large_cap,11.0,25.2,1610,1110,5900000,moderate,false,true
ITC,ITC Limited,FMCG,large_cap,7.8,27.1,530,390,8200000,low,false,true
TATASTEEL,Tata Steel,Metals,large_cap,5.2,35.4,190,110,9500000,high,false,true
IRFC,Indian Railway Finance Corp,Finance,mid_cap,3.1,28.0,230,95,12500000,high,false,false
ABCFOOD,ABC Foods,Food,micro_cap,22.0,65.0,12,4,30000,high,true,false
HINDUNILVR,Hindustan Unilever,FMCG,large_cap,8.5,29.0,3000,2100,1200000,low,false,false
ASIANPAINT,Asian Paints,Paints,large_cap,-2.0,48.0,3600,2200,1100000,moderate,false,false
DRREDDY,Dr Reddy's Laboratories,Pharma,large_cap,10.2,22.0,6900,4800,700000,moderate,false,false
LT,Larsen & Toubro,Industrials,large_cap,25.0,31.0,4100,2300,1800000,moderate,false,false
MARUTI,Maruti Suzuki,Automobile,large_cap,19.0,28.0,17500,9500,600000,moderate,false,false
WIPRO,Wipro,IT,large_cap,6.5,21.0,600,380,3500000,moderate,false,false
HCLTECH,HCL Technologies,IT,large_cap,15.0,27.0,1900,1100,2800000,moderate,false,false
TECHM,Tech Mahindra,IT,large_cap,4.5,30.0,1800,1000,2100000,moderate,false,false
